id,part_name,is_accepted,accepted_name,is_original,original_name,authors,year_of_publication,authority_and_year,taxon_rank,phylum,class,order_name,superfamily,family,subfamily,tribe,genus,subgenus,species,full_name,common_name,origin,occurrence,doc_threat_status,nomenclatural_code,taxonomic_notes,name_variation,page,primary_reference,created_by,created_at,updated_by,updated_at
5,renamed_genus,True,,False,test_edit,AH,2026,"(AH, 2026)",genus,Animalia,Insecta,new_order,,new_family,,,renamed_genus,,,"renamed_genus (AH, 2026)",,Endemic,Wild,,ICZN,,,,,Aaron Harmer,2026-09-29T20:15:14.835573+00:00,Aaron Harmer,2026-10-05T20:28:01.341668+00:00
12,Acerophagus maculipennis,True,Acerophagus maculipennis,False,Pseudaphycus maculipennis,Mercet,1923,"(Mercet, 1923)",species,Animalia,Insecta,Hymenoptera,Chalcidoidea,Encyrtidae,Encyrtinae,,Acerophagus,,maculipennis,"Acerophagus maculipennis (Mercet, 1923)",,Exotic,Wild,,ICZN,,,,Mercet RG. 1923. Encirtidos de Canarias. Boletin de la Real Sociedad Espanola de Historia Natural 23: 138-145.,Aaron Harmer,2026-09-29T21:58:10.750443+00:00,Aaron Harmer,2026-09-29T21:58:10.750443+00:00
13,Achrysocharoides latreillii,True,Achrysocharoides latreillii,False,Eulophus latreillei,Curtis,1826,"(Curtis, 1826)",species,Animalia,Insecta,Hymenoptera,Chalcidoidea,Eulophidae,Entedoninae,,Achrysocharoides,,latreillii,"Achrysocharoides latreillii (Curtis, 1826)",,Exotic,Wild,,ICZN,,,133,"Curtis J. 1829. British Entomology; being illustrations and descriptions of the genera of insects found in Great Britain and Ireland. 249. Ceraphron Halidayi. J.H. Curtis, London. 3 pp.",Aaron Harmer,2026-09-29T21:58:10.750443+00:00,Aaron Harmer,2026-09-29T21:58:10.750443+00:00
14,Acmotemnus luteiclava,True,Acmotemnus luteiclava,True,Acmotemnus luteiclava,Noyes and Valentine,1989,"Noyes and Valentine, 1989",species,Animalia,Insecta,Hymenoptera,Chalcidoidea,Mymaridae,,,Acmotemnus,,luteiclava,"Acmotemnus luteiclava Noyes and Valentine, 1989",,Endemic,Wild,,ICZN,,,,"Noyes JS, Valentine EW. 1989. Mymaridae Insecta: Hymenoptera - introduction and review of genera. Fauna of New Zealand 17. 95pp.",Aaron Harmer,2026-09-29T21:58:10.750443+00:00,Aaron Harmer,2026-09-29T21:58:10.750443+00:00
15,Adelencyrtoides acutus,True,Adelencyrtoides acutus,True,Adelencyrtoides acutus,Noyes,1988,"Noyes, 1988",species,Animalia,Insecta,Hymenoptera,Chalcidoidea,Encyrtidae,Encyrtinae,,Adelencyrtoides,,acutus,"Adelencyrtoides acutus Noyes, 1988",,Endemic,Wild,,ICZN,,,,Noyes JS. 1988. Encyrtidae Insecta: Hymenoptera. Fauna of New Zealand 13. 188pp.,Aaron Harmer,2026-09-29T21:58:10.750443+00:00,Aaron Harmer,2026-09-29T21:58:10.750443+00:00
16,Adelencyrtoides blastothrichus,True,Adelencyrtoides blastothrichus,True,Adelencyrtoides blastothrichus,Noyes,1988,"Noyes, 1988",species,Animalia,Insecta,Hymenoptera,Chalcidoidea,Encyrtidae,Encyrtinae,,Adelencyrtoides,,blastothrichus,"Adelencyrtoides blastothrichus Noyes, 1988",,Endemic,Wild,,ICZN,,,,Noyes JS. 1988. Encyrtidae Insecta: Hymenoptera. Fauna of New Zealand 13. 188pp.,Aaron Harmer,2026-09-29T21:58:10.750443+00:00,Aaron Harmer,2026-09-29T21:58:10.750443+00:00
17,Adelencyrtoides inconstans,True,Adelencyrtoides inconstans,True,Adelencyrtoides inconstans,Noyes,1988,"Noyes, 1988",species,Animalia,Insecta,Hymenoptera,Chalcidoidea,Encyrtidae,Encyrtinae,,Adelencyrtoides,,inconstans,"Adelencyrtoides inconstans Noyes, 1988",,Endemic,Wild,,ICZN,,,,Noyes JS. 1988. Encyrtidae Insecta: Hymenoptera. Fauna of New Zealand 13. 188pp.,Aaron Harmer,2026-09-29T21:58:10.750443+00:00,Aaron Harmer,2026-09-29T21:58:10.750443+00:00
18,Adelencyrtoides mucro,True,Adelencyrtoides mucro,True,Adelencyrtoides mucro,Noyes,1988,"Noyes, 1988",species,Animalia,Insecta,Hymenoptera,Chalcidoidea,Encyrtidae,Encyrtinae,,Adelencyrtoides,,mucro,"Adelencyrtoides mucro Noyes, 1988",,Endemic,Wild,,ICZN,,,,Noyes JS. 1988. Encyrtidae Insecta: Hymenoptera. Fauna of New Zealand 13. 188pp.,Aaron Harmer,2026-09-29T21:58:10.750443+00:00,Aaron Harmer,2026-09-29T21:58:10.750443+00:00
19,Adelencyrtoides novaezealandiae,True,Adelencyrtoides novaezealandiae,True,Adelencyrtoides novaezealandiae,Tachikawa and Valentine,1969,"Tachikawa and Valentine, 1969",species,Animalia,Insecta,Hymenoptera,Chalcidoidea,Encyrtidae,Encyrtinae,,Adelencyrtoides,,novaezealandiae,"Adelencyrtoides novaezealandiae Tachikawa and Valentine, 1969",,Endemic,Wild,,ICZN,,,,"Tachikawa T, Valentine EW. 1969. A new genus of Encyrtidae from New Zealand (Hymenoptera: Chalcidoidea). New Zealand Journal of Science 123: 546-552.",Aaron Harmer,2026-09-29T21:58:10.750443+00:00,Aaron Harmer,2026-09-29T21:58:10.750443+00:00
20,Adelencyrtoides otago,True,Adelencyrtoides otago,True,Adelencyrtoides otago,Noyes,1988,"Noyes, 1988",species,Animalia,Insecta,Hymenoptera,Chalcidoidea,Encyrtidae,Encyrtinae,,Adelencyrtoides,,otago,"Adelencyrtoides otago Noyes, 1988",,Endemic,Wild,,ICZN,,,,Noyes JS. 1988. Encyrtidae Insecta: Hymenoptera. Fauna of New Zealand 13. 188pp.,Aaron Harmer,2026-09-29T21:58:10.750443+00:00,Aaron Harmer,2026-09-29T21:58:10.750443+00:00
21,Adelencyrtoides palustris,True,Adelencyrtoides palustris,True,Adelencyrtoides palustris,Noyes,1988,"Noyes, 1988",species,Animalia,Insecta,Hymenoptera,Chalcidoidea,Encyrtidae,Encyrtinae,,Adelencyrtoides,,palustris,"Adelencyrtoides palustris Noyes, 1988",,Endemic,Wild,Data Deficient,ICZN,,,,Noyes JS. 1988. Encyrtidae Insecta: Hymenoptera. Fauna of New Zealand 13. 188pp.,Aaron Harmer,2026-09-29T21:58:10.750443+00:00,Aaron Harmer,2026-09-29T21:58:10.750443+00:00
22,Adelencyrtoides pilosus,True,Adelencyrtoides pilosus,True,Adelencyrtoides pilosus,Noyes,1988,"Noyes, 1988",species,Animalia,Insecta,Hymenoptera,Chalcidoidea,Encyrtidae,Encyrtinae,,Adelencyrtoides,,pilosus,"Adelencyrtoides pilosus Noyes, 1988",,Endemic,Wild,,ICZN,,,,Noyes JS. 1988. Encyrtidae Insecta: Hymenoptera. Fauna of New Zealand 13. 188pp.,Aaron Harmer,2026-09-29T21:58:10.750443+00:00,Aaron Harmer,2026-09-29T21:58:10.750443+00:00
23,Adelencyrtoides proximus,True,Adelencyrtoides proximus,True,Adelencyrtoides proximus,Noyes,1988,"Noyes, 1988",species,Animalia,Insecta,Hymenoptera,Chalcidoidea,Encyrtidae,Encyrtinae,,Adelencyrtoides,,proximus,"Adelencyrtoides proximus Noyes, 1988",,Endemic,Wild,,ICZN,,,,Noyes JS. 1988. Encyrtidae Insecta: Hymenoptera. Fauna of New Zealand 13. 188pp.,Aaron Harmer,2026-09-29T21:58:10.750443+00:00,Aaron Harmer,2026-09-29T21:58:10.750443+00:00
24,Adelencyrtoides similis,True,Adelencyrtoides similis,True,Adelencyrtoides similis,Noyes,1988,"Noyes, 1988",species,Animalia,Insecta,Hymenoptera,Chalcidoidea,Encyrtidae,Encyrtinae,,Adelencyrtoides,,similis,"Adelencyrtoides similis Noyes, 1988",,Endemic,Wild,,ICZN,,,,Noyes JS. 1988. Encyrtidae Insecta: Hymenoptera. Fauna of New Zealand 13. 188pp.,Aaron Harmer,2026-09-29T21:58:10.750443+00:00,Aaron Harmer,2026-09-29T21:58:10.750443+00:00
25,Adelencyrtoides suavis,True,Adelencyrtoides suavis,True,Adelencyrtoides suavis,Noyes,1988,"Noyes, 1988",species,Animalia,Insecta,Hymenoptera,Chalcidoidea,Encyrtidae,Encyrtinae,,Adelencyrtoides,,suavis,"Adelencyrtoides suavis Noyes, 1988",,Endemic,Wild,,ICZN,,,,Noyes JS. 1988. Encyrtidae Insecta: Hymenoptera. Fauna of New Zealand 13. 188pp.,Aaron Harmer,2026-09-29T21:58:10.750443+00:00,Aaron Harmer,2026-09-29T21:58:10.750443+00:00
26,Adelencyrtoides tridens,True,Adelencyrtoides tridens,True,Adelencyrtoides tridens,Noyes,1988,"Noyes, 1988",species,Animalia,Insecta,Hymenoptera,Chalcidoidea,Encyrtidae,Encyrtinae,,Adelencyrtoides,,tridens,"Adelencyrtoides tridens Noyes, 1988",,Endemic,Wild,Data Deficient,ICZN,,,,Noyes JS. 1988. Encyrtidae Insecta: Hymenoptera. Fauna of New Zealand 13. 188pp.,Aaron Harmer,2026-09-29T21:58:10.750443+00:00,Aaron Harmer,2026-09-29T21:58:10.750443+00:00
27,Adelencyrtoides unicolor,True,Adelencyrtoides unicolor,True,Adelencyrtoides unicolor,Noyes,1988,"Noyes, 1988",species,Animalia,Insecta,Hymenoptera,Chalcidoidea,Encyrtidae,Encyrtinae,,Adelencyrtoides,,unicolor,"Adelencyrtoides unicolor Noyes, 1988",,Endemic,Wild,,ICZN,,,,Noyes JS. 1988. Encyrtidae Insecta: Hymenoptera. Fauna of New Zealand 13. 188pp.,Aaron Harmer,2026-09-29T21:58:10.750443+00:00,Aaron Harmer,2026-09-29T21:58:10.750443+00:00
28,Adelencyrtoides variabilis,True,Adelencyrtoides variabilis,True,Adelencyrtoides variabilis,Noyes,1988,"Noyes, 1988",species,Animalia,Insecta,Hymenoptera,Chalcidoidea,Encyrtidae,Encyrtinae,,Adelencyrtoides,,variabilis,"Adelencyrtoides variabilis Noyes, 1988",,Endemic,Wild,,ICZN,,,,Noyes JS. 1988. Encyrtidae Insecta: Hymenoptera. Fauna of New Zealand 13. 188pp.,Aaron Harmer,2026-09-29T21:58:10.750443+00:00,Aaron Harmer,2026-09-29T21:58:10.750443+00:00
29,Adelencyrtus aulacaspidis,True,Adelencyrtus aulacaspidis,False,Prionomitus aulacaspidis,Brethes,1914,"(Brethes, 1914)",species,Animalia,Insecta,Hymenoptera,Chalcidoidea,Encyrtidae,Encyrtinae,,Adelencyrtus,,aulacaspidis,"Adelencyrtus aulacaspidis (Brethes, 1914)",,Exotic,Wild,,ICZN,,,29,Brethes J. 1914. Description d'un nouveau Prionomitus de Chile. Anales de Zoología Aplicada 1: 29-30.,Aaron Harmer,2026-09-29T21:58:10.750443+00:00,Aaron Harmer,2026-09-29T21:58:10.750443+00:00
30,Aleuroduplidens croceata,False,Tetraleurodes croceata,False,Aleurotrachelus croceata,Maskell,1896,"(Maskell, 1896)",species,Animalia,Insecta,Hemiptera,,Aleyrodidae,,,Aleuroduplidens,,croceata,"Aleuroduplidens croceata (Maskell, 1896)",,Exotic,Wild,,ICZN,,,428,"Maskell WM. 1896. Contributions towards a monograph of the Aleurodidae, a family of Hemiptera-Homoptera. Transactions and Proceedings of the New Zealand Institute 28: 411-449",Aaron Harmer,2026-09-29T22:22:09.506613+00:00,Aaron Harmer,2026-09-29T22:22:09.506613+00:00
31,Spodoptera frugiperda,True,Spodoptera frugiperda,False,Phalaena frugiperda,Smith,1797,"(Smith, 1797)",species,Animalia,Insecta,Lepidoptera,,Noctuidae,,,Spodoptera,,frugiperda,"Spodoptera frugiperda (Smith, 1797)",,Exotic,Wild,,ICZN,,,96,"Smith J. E. & Abbott J. 1797. The natural history of the rarer lepidopterous insects of Georgia : including their systematic characters, the particulars of their several metamorphoses, and the plants on which they feed.Vol 2; Pp196",Aaron Harmer,2026-09-29T22:22:09.506613+00:00,Aaron Harmer,2026-09-29T22:22:09.506613+00:00
